{
	"class_name" : "PinholeCameraParameters",
	"extrinsic" : 
	[
		-0.91150703528588595,
		0.2671573962741195,
		0.31270089580998628,
		0.0,
		0.38552446909533045,
		0.29015524608699561,
		0.87588858703430916,
		0.0,
		0.14326830896293299,
		0.91893245605116602,
		-0.36747426149687473,
		0.0,
		-0.0022158134227842664,
		-0.0179144294427626,
		0.25680028331043497,
		1.0
	],
	"intrinsic" : 
	{
		"height" : 1080,
		"intrinsic_matrix" : 
		[
			935.30743608719399,
			0.0,
			0.0,
			0.0,
			935.30743608719399,
			0.0,
			959.5,
			539.5,
			1.0
		],
		"width" : 1920
	},
	"version_major" : 1,
	"version_minor" : 0
}